<?xml version="1.0" encoding="UTF-8"?>
<beans xmlns="http://www.springframework.org/schema/beans"
       xmlns:xsi="http://www.w3.org/2001/XMLSchema-instance"
       xmlns:context="http://www.springframework.org/schema/context"
       xmlns:mvc="http://www.springframework.org/schema/mvc"
       xsi:schemaLocation="http://www.springframework.org/schema/beans
    http://www.springframework.org/schema/beans/spring-beans-4.1.xsd
    http://www.springframework.org/schema/context 
    http://www.springframework.org/schema/context/spring-context-4.1.xsd
    http://www.springframework.org/schema/mvc
    http://www.springframework.org/schema/mvc/spring-mvc-4.1.xsd ">
    <!-- 处理对静态资源的请求 -->
    <mvc:resources location="/resources/css/" mapping="/css/**"/>
    <mvc:resources location="/resources/js/" mapping="/js/**"/>
    <mvc:resources location="/resources/fonts/" mapping="/fonts/**"/>
    <!-- 使用注解驱动 该标签会注册多个特性: * JSR-303校验支持; * 信息转换; * 对域格式化的支持; -->
    <mvc:annotation-driven conversion-service="conversionService"/>

    <context:component-scan
            base-package="hz.simplejee.springframework.mvc.hello.controller"/>
    <bean
            class="org.springframework.web.servlet.view.InternalResourceViewResolver">
        <property name="prefix" value="/WEB-INF/views/"/>
        <property name="suffix" value=".jsp"/>
    </bean>
    <bean id="conversionService" class="org.springframework.format.support.FormattingConversionServiceFactoryBean"/>
</beans>